filename,label,embedding
1-137-A-32.wav,0,"[0.0, 0.4198037626666667, 0.0, 0.3037069826666667, 0.49164177600000003, 0.0]"
1-137296-A-16.wav,0,"[0.0, 0.477997664, 0.0, 0.17115348733333333, 0.6056555720000001, 0.0]"
1-17367-A-10.wav,0,"[0.0, 0.2073313846666667, 0.0, 0.27592702666666663, 0.151521844, 0.0]"
1-21189-A-10.wav,0,"[0.0, 0.24299152733333335, 0.0, 0.18397364533333335, 0.14795838666666666, 0.0]"
1-21934-A-38.wav,0,"[0.0, 0.3492283199999999, 0.0, 0.20060857333333332, 0.7323336666666667, 0.0]"
1-21935-A-38.wav,0,"[0.0, 0.321154046, 0.0, 0.2894085953333333, 0.6727760493333331, 0.0]"
1-26222-A-10.wav,0,"[0.0, 0.242589668, 0.0, 0.17812216733333336, 0.13233368066666665, 0.0]"
1-28135-A-11.wav,0,"[0.00038912533333333336, 0.202456298, 0.0, 0.044607088, 0.38814881733333334, 0.0]"
1-28135-B-11.wav,0,"[0.0, 0.14966663999999996, 0.0, 0.052715192666666674, 0.50477688, 0.0]"
1-29532-A-16.wav,0,"[0.0, 0.079083194, 0.0, 0.18618119466666666, 0.51008185, 0.0]"
1-29561-A-10.wav,0,"[0.0, 0.20126923866666666, 0.0, 0.190993576, 0.3069968566666666, 0.0]"
1-35687-A-38.wav,0,"[0.0, 0.38283540533333327, 0.0, 0.18314447800000003, 0.6859979946666667, 0.0]"
1-39901-A-11.wav,0,"[0.0, 0.46809060466666674, 0.0, 0.1509145846666667, 0.57268262, 0.0005938393333333334]"
1-39901-B-11.wav,0,"[0.0013160653333333333, 0.2606088513333333, 0.0, 0.15215840933333336, 0.59255821, 0.0]"
1-42139-A-38.wav,0,"[0.0, 0.30676879000000007, 0.0, 0.2509582793333333, 0.9881189946666666, 0.0]"
1-43760-A-11.wav,0,"[0.00185069, 0.4392832026666666, 0.0, 0.16232480933333335, 0.39338216466666664, 0.0]"
1-47709-A-16.wav,0,"[0.0, 0.2385255026666667, 0.0, 0.12489542, 0.584132262, 0.0]"
1-47714-A-16.wav,0,"[0.0, 0.3339942193333334, 0.0, 0.1426405206666667, 0.5549491766666667, 0.0]"
1-48413-A-38.wav,0,"[0.0, 0.35955324466666677, 0.0, 0.234254874, 0.7094199533333333, 0.0]"
1-50060-A-10.wav,0,"[0.0, 0.37655086533333343, 0.0, 0.15271166866666666, 0.04390630599999999, 0.0]"
1-51035-A-16.wav,0,"[0.0, 0.37079791133333334, 0.0, 0.12285540933333335, 0.541011846, 0.0]"
1-51036-A-16.wav,0,"[0.0, 0.40315325933333335, 0.0, 0.133940152, 0.5690252240000001, 0.0]"
1-51037-A-16.wav,0,"[0.0, 0.3250594566666667, 0.0, 0.02944833266666667, 0.2802420333333334, 0.0]"
1-53501-A-32.wav,0,"[0.0, 0.46117746, 0.0, 0.26424419066666666, 0.48366631266666665, 0.0]"
1-54958-A-10.wav,0,"[0.0, 0.38436827533333334, 0.0, 0.18217627733333333, 0.14218050599999998, 0.0]"
1-56311-A-10.wav,0,"[0.0, 0.24973917333333334, 0.0, 0.16277526266666664, 0.31088168866666666, 0.0]"
1-57163-A-38.wav,0,"[0.0, 0.11992217933333332, 0.0, 0.4665974033333333, 0.6728748313333333, 0.0]"
1-61212-A-32.wav,0,"[0.0, 0.45269816933333346, 0.0, 0.3414005726666666, 0.5124153346666668, 0.0]"
1-61252-A-11.wav,0,"[0.0, 0.07602597066666665, 0.0, 0.016404300666666666, 0.4536113666666666, 0.0]"
1-62594-A-32.wav,0,"[0.0, 0.42473219199999995, 0.0, 0.21124208533333336, 0.6179672820000001, 0.0]"
1-62849-A-38.wav,0,"[0.0, 0.47262575066666673, 0.0, 0.25036410400000003, 0.6848509153333334, 0.0]"
1-62850-A-38.wav,0,"[0.0, 0.3407091606666667, 0.0, 0.24190457800000004, 0.7380476133333331, 0.0]"
1-63871-A-10.wav,0,"[0.0, 0.2690363253333333, 0.0, 0.19378737466666668, 0.30104896999999997, 0.0]"
1-69760-A-16.wav,0,"[0.0, 0.395890078, 0.0, 0.094360912, 0.21390007533333336, 0.0]"
1-79711-A-32.wav,0,"[0.0, 0.4029992166666666, 0.0, 0.29189787, 0.4161883993333333, 0.0]"
1-84393-A-32.wav,0,"[0.0, 0.422046678, 0.0, 0.2875942633333333, 0.6935532240000001, 0.0]"
1-91359-A-11.wav,0,"[0.0, 0.21415510533333337, 0.0, 0.05557412333333333, 0.33709890000000003, 0.0]"
1-91359-B-11.wav,0,"[0.0, 0.21115625466666663, 0.0, 0.11446011666666668, 0.448184156, 0.0]"
1-94231-A-32.wav,0,"[0.0, 0.39278809666666664, 0.0, 0.1943911586666667, 0.5477567786666667, 0.0]"
1-94231-B-32.wav,0,"[0.0, 0.36440667000000004, 0.0, 0.21477737, 0.507448572, 0.0]"
2-101676-A-10.wav,0,"[0.0, 0.10472910933333332, 0.0, 0.250180406, 0.07524973733333334, 0.0]"
2-102852-A-11.wav,0,"[0.003404903829333333, 0.26644742200000004, 0.0, 0.163523736, 0.44898172666666675, 0.0]"
2-104168-A-32.wav,0,"[0.0, 0.4461280459999999, 0.0, 0.3590669779999999, 0.461087976, 0.0]"
2-104952-A-16.wav,0,"[0.0, 0.5235283413333334, 0.0, 0.08880577866666668, 0.430981172, 0.0]"
2-104952-B-16.wav,0,"[0.0, 0.43852778666666675, 0.0, 0.09039083399999999, 0.455710274, 0.0]"
2-109316-A-32.wav,0,"[0.0, 0.45488694599999996, 0.0, 0.32141287733333335, 0.3994525166666667, 0.0]"
2-109371-A-16.wav,0,"[0.0, 0.46049399800000007, 0.0, 0.11128307866666669, 0.5008764893333334, 0.0]"
2-109371-B-16.wav,0,"[0.0, 0.42537581866666674, 0.0, 0.11486504600000003, 0.5310675573333333, 0.0]"
2-109371-C-16.wav,0,"[0.0, 0.4282457653333333, 0.0, 0.13520957066666667, 0.5627120573333333, 0.0]"
2-109371-D-16.wav,0,"[0.0, 0.48375279, 0.0, 0.12703325933333334, 0.603048086, 0.0]"
2-109374-A-16.wav,0,"[0.0, 0.48404055733333334, 0.0, 0.1178058326666667, 0.5669113033333333, 0.0]"
2-117625-A-10.wav,0,"[0.0, 0.20870791800000002, 0.0, 0.15987762199999997, 0.2789107886666667, 0.0]"
2-118459-A-32.wav,0,"[0.0, 0.30204198000000004, 0.0, 0.293726684, 0.4203207706666666, 0.0]"
2-118459-B-32.wav,0,"[0.0, 0.3358858046666667, 0.0, 0.32661639133333337, 0.3195561533333333, 0.0]"
2-118817-A-32.wav,0,"[0.0, 0.3518393146666667, 0.0, 0.259440612, 0.5315783159999999, 0.0]"
2-119748-A-38.wav,0,"[0.0, 0.40015747, 0.0, 0.199665436, 0.7215025206666668, 0.0]"
2-120333-A-32.wav,0,"[0.0, 0.528991, 0.0, 0.37967168000000007, 0.5057239746666666, 0.0]"
2-124662-A-11.wav,0,"[0.0, 0.15510564533333335, 0.0, 0.09216242133333333, 0.4076344826666667, 0.0]"
2-125966-A-11.wav,0,"[0.0, 0.3412789666666667, 0.0, 0.11855259133333332, 0.5837261613333333, 0.0]"
2-127108-A-38.wav,0,"[0.0, 0.29175232733333334, 0.0, 0.22725980533333331, 0.7604665433333334, 0.0]"
2-131943-A-38.wav,0,"[0.0, 0.100350894, 0.0, 0.3680775226666667, 0.6423541519999999, 0.0]"
2-132157-A-11.wav,0,"[0.0, 0.08606911999999999, 0.0, 0.12283601133333333, 0.5516956373333334, 0.0]"
2-132157-B-11.wav,0,"[0.0014382393333333334, 0.1711784153333333, 0.0, 0.15273339, 0.4683542653333334, 0.0]"
2-133863-A-11.wav,0,"[0.0003184153333333333, 0.11434514266666668, 0.0, 0.05997741666666667, 0.614928938, 0.0]"
2-134700-A-38.wav,0,"[0.0, 0.2938653586666666, 0.0, 0.23019931666666668, 0.8185817713333333, 0.0]"
2-135728-A-38.wav,0,"[0.0, 0.37812464399999995, 0.0, 0.19210420666666667, 0.6795477173333334, 0.0]"
2-137162-A-11.wav,0,"[0.0, 0.386560896, 0.0, 0.029096823333333337, 0.18754785266666665, 0.0]"
2-140147-A-38.wav,0,"[0.0, 0.26894497266666667, 0.0, 0.3011731786666666, 0.8237662966666667, 0.0]"
2-141584-A-38.wav,0,"[0.0, 0.4602811773333333, 0.0, 0.21248352733333334, 0.6743033886666667, 0.0]"
2-155801-A-11.wav,0,"[0.0, 0.18619156400000003, 0.0, 0.06979338866666665, 0.3961282766666666, 0.0]"
2-205966-A-16.wav,0,"[0.0, 0.4451977626666667, 0.0, 0.2226362833333333, 0.510993184, 0.0]"
2-72970-A-10.wav,0,"[0.0, 0.12584257733333334, 0.0, 0.23500763600000002, 0.30335164333333337, 0.0]"
2-73027-A-10.wav,0,"[0.0, 0.4002524586666667, 0.0, 0.14680205466666668, 0.097244216, 0.0]"
2-73260-A-10.wav,0,"[0.0, 0.2882719553333334, 0.0, 0.2267358353333333, 0.4576692973333332, 0.0]"
2-81731-A-10.wav,0,"[0.0, 0.169175776, 0.0, 0.24109364400000002, 0.3414265286666668, 0.0]"
2-82367-A-10.wav,0,"[0.0, 0.06304067066666667, 0.0, 0.20815987, 0.03425694133333333, 0.0]"
2-87781-A-10.wav,0,"[0.0, 0.16894779, 0.0, 0.22026425200000002, 0.3005201173333333, 0.0]"
2-88724-A-38.wav,0,"[0.0, 0.357719874, 0.0, 0.2754128586666667, 0.722333568, 0.0]"
2-99795-A-32.wav,0,"[0.0, 0.45205960199999995, 0.0, 0.2918883113333333, 0.574691814, 0.0]"
2-99796-A-32.wav,0,"[0.0, 0.43471350066666664, 0.0, 0.2549526286666667, 0.6063916053333334, 0.0]"
3-117504-A-16.wav,0,"[0.0, 0.5101529966666667, 0.0, 0.14430465133333334, 0.38617773066666666, 0.0]"
3-117504-B-16.wav,0,"[0.0, 0.46200329066666673, 0.0, 0.15808021, 0.42699923466666667, 0.0]"
3-125548-A-32.wav,0,"[0.0, 0.39595689066666667, 0.0, 0.29283666733333324, 0.42802802133333334, 0.0]"
3-132830-A-32.wav,0,"[0.0, 0.4161784986666667, 0.0, 0.3743425233333333, 0.40747332399999997, 0.0]"
3-132852-A-10.wav,0,"[0.0, 0.16438185066666666, 0.0, 0.19850522066666665, 0.49034879333333337, 0.0]"
3-134699-A-16.wav,0,"[0.0, 0.369032744, 0.0, 0.164106982, 0.5486945186666667, 0.0]"
3-134699-B-16.wav,0,"[0.0, 0.2984854853333333, 0.0, 0.12841979466666667, 0.5981627486666666, 0.0]"
3-134699-C-16.wav,0,"[0.0, 0.372888704, 0.0, 0.186361792, 0.5080150446666667, 0.0]"
3-136608-A-16.wav,0,"[0.0, 0.4422316106666667, 0.0, 0.17030392933333335, 0.43983595666666664, 0.0]"
3-140774-A-10.wav,0,"[0.0, 0.2785816626666667, 0.0, 0.17038106133333333, 0.5495629559999998, 0.0]"
3-142005-A-10.wav,0,"[0.0, 0.27517473333333337, 0.0, 0.15639172133333334, 0.05501743000000001, 0.0]"
3-142006-A-10.wav,0,"[0.0, 0.3110526413333334, 0.0, 0.16258726133333334, 0.09478554066666667, 0.0]"
3-142593-A-38.wav,0,"[0.0, 0.36029809, 0.0, 0.22929202333333334, 0.5974468246666667, 0.0]"
3-143929-A-10.wav,0,"[0.0, 0.44153568533333326, 0.0, 0.2325424833333333, 0.40773730466666674, 0.0]"
3-143933-A-38.wav,0,"[0.0, 0.44804209333333334, 0.0, 0.20595450533333332, 0.7479961359999999, 0.0014297646666666666]"
3-144106-A-32.wav,0,"[0.0, 0.3270626806666666, 0.0, 0.2839950566666667, 0.4541446293333334, 0.0]"
3-144120-A-32.wav,0,"[0.0, 0.43998655200000003, 0.0, 0.23672983666666667, 0.4902057333333333, 0.0]"
3-144827-A-11.wav,0,"[0.0, 0.16197894, 0.0, 0.066338364, 0.5078236999999999, 0.0]"
3-144827-B-11.wav,0,"[0.0, 0.15442079933333336, 0.0, 0.106552732, 0.544893192, 0.0]"
3-150363-A-38.wav,0,"[0.0, 0.3327394166666667, 0.0, 0.279883992, 0.7499045833333332, 0.0]"
3-153444-A-32.wav,0,"[0.0, 0.364287704, 0.0, 0.31201372666666666, 0.42677906533333326, 0.0]"
3-154781-A-32.wav,0,"[0.0, 0.38116617066666675, 0.0, 0.3355442333333333, 0.4149056706666666, 0.0]"
3-155568-A-32.wav,0,"[0.0, 0.4621462906666667, 0.0, 0.2519879033333334, 0.40518360799999986, 0.0]"
3-155570-A-32.wav,0,"[0.0, 0.43036417266666666, 0.0, 0.26852206333333334, 0.567949648, 0.0]"
3-155642-A-11.wav,0,"[0.0, 0.09314258466666668, 0.0, 0.05213012333333333, 0.6170981453333334, 0.0]"
3-155642-B-11.wav,0,"[0.0, 0.124544346, 0.0, 0.055706964666666664, 0.5115767000000001, 0.0]"
3-157149-A-10.wav,0,"[0.0, 0.3807699726666666, 0.0, 0.20967281133333335, 0.05038073866666667, 0.0]"
3-157487-A-10.wav,0,"[0.0, 0.22604742533333336, 0.0, 0.181492318, 0.22258211933333336, 0.0]"
3-157615-A-10.wav,0,"[0.0, 0.5165845266666668, 0.0, 0.12897091200000002, 0.04966703399999999, 0.0]"
3-164120-A-11.wav,0,"[0.0, 0.2375136333333333, 0.0, 0.06525597133333333, 0.435017734, 0.0]"
3-164630-A-11.wav,0,"[0.0, 0.36744557733333333, 0.0, 0.17771011666666667, 0.45436559533333337, 0.0]"
3-164688-A-38.wav,0,"[0.0, 0.5986950786666667, 0.0, 0.48866154, 0.7125535906666668, 0.0]"
3-166422-A-11.wav,0,"[0.0020853295666666666, 0.16014315866666667, 0.0, 0.02271299506666667, 0.3238475266666666, 0.0]"
3-170377-A-38.wav,0,"[0.0, 0.3746767100000001, 0.0, 0.19921404799999998, 0.6893148806666666, 7.378333333333334e-05]"
3-170383-A-38.wav,0,"[0.0, 0.298859686, 0.0, 0.3332781133333334, 0.71325892, 0.0]"
3-171012-A-38.wav,0,"[0.0, 0.3890770533333333, 0.0, 0.20085535, 0.6574344026666665, 0.0]"
3-171041-A-38.wav,0,"[0.0, 0.20581622000000002, 0.0, 0.19497537066666662, 0.6841103420000001, 0.0]"
3-187710-A-11.wav,0,"[0.0, 0.23019497133333333, 0.0, 0.07582962466666666, 0.5215768159999999, 3.213062866666667e-08]"
3-246513-A-16.wav,0,"[0.0, 0.21740763599999996, 0.0, 0.1802132, 0.5638107513333334, 0.0]"
3-246513-B-16.wav,0,"[0.0, 0.26528754466666665, 0.0, 0.21915857733333333, 0.49309123733333327, 0.0]"
4-144083-A-16.wav,0,"[0.0, 0.3393608973333333, 0.0, 0.097426698, 0.6756333373333334, 0.0]"
4-144083-B-16.wav,0,"[0.0, 0.474325786, 0.0, 0.16863263533333334, 0.6269347306666667, 0.0]"
4-144083-C-16.wav,0,"[0.0, 0.3151054453333334, 0.0, 0.183592112, 0.5077843360000001, 0.0]"
4-144085-A-16.wav,0,"[0.0, 0.2608703606666667, 0.0, 0.1790736086666667, 0.49497093666666664, 0.0]"
4-158653-A-32.wav,0,"[0.0, 0.4051412833333334, 0.0, 0.34004732266666665, 0.39280601466666665, 0.0]"
4-160999-A-10.wav,0,"[0.0, 0.09632461799999999, 0.0, 0.2579844866666667, 0.301662712, 0.0]"
4-161127-A-10.wav,0,"[0.0, 0.560486072, 0.0, 0.11679509000000002, 0.017152349266666665, 2.6141759333333332e-05]"
4-163264-A-10.wav,0,"[0.000177754, 0.5237947793333333, 0.0, 0.16029518133333334, 0.045619537333333335, 0.0]"
4-163606-A-16.wav,0,"[0.0, 0.4267796566666667, 0.0, 0.15913426199999997, 0.5324338833333333, 0.0]"
4-163608-B-16.wav,0,"[0.0, 0.30732788066666666, 0.0, 0.08187046799999999, 0.596594008, 0.0]"
4-163609-A-16.wav,0,"[0.0, 0.369149614, 0.0, 0.13266672266666665, 0.6309416193333333, 0.0]"
4-163609-B-16.wav,0,"[0.0, 0.3529445666666666, 0.0, 0.140216136, 0.6154749006666668, 0.0]"
4-164206-A-10.wav,0,"[0.0, 0.278150254, 0.0, 0.15341246133333333, 0.021136605333333332, 0.0]"
4-166661-A-10.wav,0,"[0.0, 0.30704255466666663, 0.0, 0.14099720733333332, 0.2768834746666667, 0.0]"
4-167063-A-11.wav,0,"[0.0016578060000000002, 0.26186208866666666, 0.0, 0.12053361200000001, 0.5117128946666667, 0.0]"
4-167063-B-11.wav,0,"[0.000982712, 0.10306515933333334, 0.0, 0.05936706475200001, 0.5253173586666666, 0.0]"
4-167063-C-11.wav,0,"[0.0011560512618666665, 0.16231202133333333, 0.0, 0.088072144, 0.513997174, 0.0]"
4-167155-A-32.wav,0,"[0.0, 0.305923316, 0.0, 0.3144266673333334, 0.5100943813333334, 0.0]"
4-172180-A-32.wav,0,"[0.0, 0.4131960773333334, 0.0, 0.2243922173333333, 0.539960204, 0.0]"
4-172742-A-32.wav,0,"[0.0, 0.44770832266666666, 0.0, 0.22619892933333333, 0.5240110426666666, 0.0]"
4-175945-A-38.wav,0,"[0.0, 0.40579739333333337, 0.0, 0.162985536, 0.4688347873333333, 0.0]"
4-177243-A-32.wav,0,"[0.0, 0.3809355006666667, 0.0, 0.27512549533333336, 0.4674498366666667, 0.0]"
4-177250-A-10.wav,0,"[0.0, 0.4568701293333334, 0.0, 0.11710849866666667, 0.013706437333333333, 0.0004938586666666667]"
4-179984-A-38.wav,0,"[0.0, 0.3846449766666667, 0.0, 0.257753502, 0.7716498046666666, 0.0]"
4-180380-A-10.wav,0,"[0.0, 0.08328947466666667, 0.0, 0.2099096973333333, 0.048945252, 0.0]"
4-181035-A-38.wav,0,"[0.0, 0.3924320693333333, 0.0, 0.16890962666666667, 0.6681710706666666, 0.0]"
4-181286-A-10.wav,0,"[0.0, 0.455002068, 0.0, 0.16917903533333334, 0.010816410666666667, 0.0003692973333333333]"
4-181707-A-32.wav,0,"[0.0, 0.3943931273333333, 0.0, 0.33200994400000006, 0.32887195999999996, 0.0]"
4-181708-A-32.wav,0,"[0.0, 0.35474020200000006, 0.0, 0.30775836399999995, 0.39064395333333335, 0.0]"
4-181865-A-38.wav,0,"[0.0, 0.4223494773333333, 0.0, 0.19379076000000003, 0.6610522386666666, 0.00069527]"
4-182613-A-11.wav,0,"[0.0, 0.33054714200000007, 0.0, 0.0038105459999999997, 0.2253824106666667, 0.0]"
4-182613-B-11.wav,0,"[0.0, 0.33470192533333326, 0.0, 0.012476803333333333, 0.29342089999999993, 0.0]"
4-185613-A-32.wav,0,"[0.0, 0.3351024633333333, 0.0, 0.299964074, 0.39961469, 0.0]"
4-188033-A-38.wav,0,"[0.0, 0.43413062666666674, 0.0, 0.15578204600000004, 0.6857757513333335, 0.00011624199999999999]"
4-191327-A-38.wav,0,"[0.0, 0.40748974599999993, 0.0, 0.17949790533333332, 0.603615692, 0.0]"
4-194711-A-38.wav,0,"[0.0, 0.36602319, 0.0, 0.38850531066666666, 0.7681203053333334, 0.0]"
4-195497-A-11.wav,0,"[0.0034457340266666665, 0.149813914, 0.0, 0.07505131933333332, 0.39552826133333335, 0.0]"
4-195497-B-11.wav,0,"[0.0, 0.21747678533333334, 0.0, 0.10241206133333333, 0.48689198000000006, 0.0]"
4-198965-A-38.wav,0,"[0.0, 0.363438124, 0.0, 0.2986792853333334, 0.7841410733333334, 0.0]"
4-204618-A-11.wav,0,"[0.008074485333333332, 0.23691463066666665, 0.0, 0.10966177066666667, 0.45793740999999993, 0.0]"
5-117773-A-16.wav,0,"[0.0, 0.5371736546666667, 0.0, 0.0813028953333333, 0.5821317733333333, 0.0]"
5-157204-A-16.wav,0,"[0.0, 0.3138128766666667, 0.0, 0.15200276599999996, 0.5799523666666667, 0.0]"
5-157204-B-16.wav,0,"[0.0, 0.32726881999999996, 0.0, 0.15762362266666666, 0.5240056633333333, 0.0]"
5-179496-A-16.wav,0,"[0.0, 0.271579354, 0.0, 0.18781627066666667, 0.48111407399999995, 0.0]"
5-179496-B-16.wav,0,"[0.0, 0.36319610399999996, 0.0, 0.18217165533333335, 0.48383852933333327, 0.0]"
5-181766-A-10.wav,0,"[0.0, 0.11625619866666667, 0.0, 0.2464165613333333, 0.085222706, 0.0]"
5-188655-A-10.wav,0,"[0.0, 0.17870263066666667, 0.0, 0.21464611933333336, 0.04870299933333333, 0.0]"
5-193339-A-10.wav,0,"[0.0, 0.047878396000000004, 0.0, 0.22929390466666663, 0.032984681333333335, 0.0]"
5-194892-A-10.wav,0,"[0.0, 0.16437783733333336, 0.0, 0.261820996, 0.04963472399999999, 0.0]"
5-195710-A-10.wav,0,"[0.0, 0.315608446, 0.0, 0.15449193533333333, 0.34871084199999997, 0.0]"
5-198321-A-10.wav,0,"[0.0, 0.28393007666666664, 0.0, 0.18173293999999998, 0.05011820266666667, 0.0]"
5-200461-A-11.wav,0,"[0.0005077446666666667, 0.09651547533333334, 0.0, 0.09381440666666666, 0.45120056866666663, 0.0]"
5-200461-B-11.wav,0,"[0.000119304, 0.12518167533333333, 0.0, 0.100087518, 0.4270372866666666, 0.0]"
5-201194-A-38.wav,0,"[0.0, 0.16837139866666667, 0.0, 0.5423260813333334, 0.6457081773333333, 0.0]"
5-202898-A-10.wav,0,"[0.0, 0.11080508400000001, 0.0, 0.22875968466666666, 0.053849579999999994, 0.0]"
5-203739-A-10.wav,0,"[0.0, 0.06037570133333334, 0.0, 0.22581112866666667, 0.14318828066666667, 0.0]"
5-205090-A-32.wav,0,"[0.0, 0.4172139253333333, 0.0, 0.204235626, 0.6193875093333332, 0.0]"
5-208624-A-38.wav,0,"[0.0, 0.23358435866666669, 0.0, 0.293640428, 0.6156687573333334, 0.0]"
5-208810-A-11.wav,0,"[0.004417531333333334, 0.15506220399999998, 0.0, 0.07700445666666668, 0.368066132, 0.0]"
5-208810-B-11.wav,0,"[0.006699514823333334, 0.20104174333333333, 0.0, 0.07925924133333333, 0.37709210266666665, 0.0]"
5-209698-A-38.wav,0,"[0.0, 0.2649858793333334, 0.0, 0.35378315200000005, 0.6442696186666665, 0.0]"
5-209833-A-38.wav,0,"[0.0, 0.20287894666666664, 0.0, 0.4062875733333333, 0.8082090453333334, 0.0]"
5-210571-A-38.wav,0,"[0.0, 0.44800722800000004, 0.0, 0.17838756333333333, 0.7011140699999999, 3.5774304e-05]"
5-212181-A-38.wav,0,"[0.0, 0.38645614599999994, 0.0, 0.1796020186666666, 0.6608826993333333, 0.0]"
5-213077-A-11.wav,0,"[0.0, 0.305000986, 0.0, 0.030926962000000002, 0.49102976666666664, 0.0]"
5-215005-A-32.wav,0,"[0.0, 0.35187025533333327, 0.0, 0.26183005133333326, 0.5240980266666665, 0.0]"
5-216131-A-32.wav,0,"[0.0, 0.45627101000000003, 0.0, 0.3422429693333333, 0.485884846, 0.0]"
5-217186-A-16.wav,0,"[0.0, 0.46292357333333334, 0.0, 0.136411644, 0.6723491793333333, 0.0]"
5-217186-B-16.wav,0,"[0.0, 0.3138270633333333, 0.0, 0.17298478933333336, 0.6104659946666667, 0.0]"
5-217186-C-16.wav,0,"[0.0, 0.43426153733333334, 0.0, 0.18397635199999998, 0.6191790666666666, 0.0]"
5-219342-A-38.wav,0,"[0.0, 0.39098479733333324, 0.0, 0.26197679333333335, 0.6553413573333333, 0.0]"
5-219379-A-11.wav,0,"[0.000107544, 0.1608924213333333, 0.0, 0.07232616333333335, 0.46729235999999996, 3.9298666666666664e-05]"
5-219379-B-11.wav,0,"[0.0007542672891333334, 0.13925485466666665, 0.0, 0.06556567933333333, 0.5297312453333334, 0.0]"
5-219379-C-11.wav,0,"[0.0012787860113333334, 0.17453888333333337, 0.0, 0.11283076333333333, 0.55903137, 0.0]"
5-222894-A-32.wav,0,"[0.0, 0.4701584233333333, 0.0, 0.36255243133333337, 0.43066752333333336, 0.0]"
5-223099-A-32.wav,0,"[0.0, 0.40189588666666676, 8.998666666666667e-05, 0.24993572933333333, 0.519423976, 0.0]"
5-223099-B-32.wav,0,"[0.0, 0.449610414, 0.0, 0.32190195400000005, 0.4830738953333334, 0.0]"
5-234923-A-32.wav,0,"[0.0, 0.3010932586666667, 0.0, 0.288851536, 0.4016821673333334, 0.0]"
5-235671-A-38.wav,0,"[0.0, 0.40423414133333335, 0.0, 0.18219169333333335, 0.6467641286666667, 0.0]"
5-244178-A-32.wav,0,"[0.0, 0.33763912199999996, 0.0, 0.3053921853333333, 0.39220572666666664, 0.0]"
1-100032-A-0.wav,1,"[0.0, 0.3401390613333332, 0.0, 0.09987954600000001, 0.708392688, 0.0]"
1-110389-A-0.wav,1,"[0.0, 0.35031394133333327, 0.0, 0.06425199866666666, 0.7676898553333333, 0.0]"
1-116765-A-41.wav,1,"[0.0, 0.28690957933333333, 0.0, 0.20351182399999998, 0.40403765399999997, 0.0]"
1-187207-A-20.wav,1,"[0.0, 0.36195562400000003, 0.0, 0.18851597066666667, 0.572371342, 0.0]"
1-19898-A-41.wav,1,"[0.0, 0.133858166, 0.0, 0.3670158293333333, 0.5378746093333333, 0.0]"
1-19898-B-41.wav,1,"[0.0, 0.3828639093333333, 0.0, 0.4111854966666666, 0.513622632, 0.0]"
1-19898-C-41.wav,1,"[0.0, 0.24660812399999996, 0.0, 0.30770338333333325, 0.4017131086666667, 0.0]"
1-211527-A-20.wav,1,"[0.0, 0.2588663, 0.0, 0.20612124666666667, 0.45671557599999996, 0.0]"
1-211527-B-20.wav,1,"[0.0005139713333333333, 0.16017392533333333, 0.0, 0.15525597933333335, 0.3855620779999999, 0.0]"
1-211527-C-20.wav,1,"[0.0, 0.15307039466666664, 0.0, 0.16671599999999998, 0.40102836333333336, 0.0]"
1-22694-A-20.wav,1,"[0.0, 0.15497349000000002, 0.0, 0.13765824266666668, 0.29527089866666667, 0.0]"
1-22694-B-20.wav,1,"[0.0, 0.25978255466666667, 0.0, 0.192227514, 0.48328440133333334, 0.0]"
1-30226-A-0.wav,1,"[0.0, 0.34577959533333336, 0.0, 0.167558622, 0.5334309519999999, 0.0]"
1-30344-A-0.wav,1,"[0.0, 0.4430806113333334, 0.0, 0.12695934066666667, 0.6607104173333334, 0.0]"
1-31482-A-42.wav,1,"[0.0, 0.14790607266666667, 0.0, 0.19594926066666665, 0.6925995526666668, 0.0]"
1-31482-B-42.wav,1,"[0.0, 0.010153510000000001, 0.0, 0.14237566133333332, 0.3601829966666666, 0.0]"
1-32318-A-0.wav,1,"[0.0, 0.520635896, 0.0, 0.15637820066666663, 0.6311437373333334, 0.0]"
1-47250-A-41.wav,1,"[0.0, 0.268028874, 0.0, 0.1823570226666667, 0.27411512000000005, 0.0]"
1-47250-B-41.wav,1,"[0.0, 0.2580385246666667, 0.0, 0.224336982, 0.375650204, 0.0]"
1-54084-A-42.wav,1,"[0.0, 0.20653415933333333, 0.0, 0.214949728, 0.397024042, 0.0]"
1-59513-A-0.wav,1,"[0.0, 0.4477054133333333, 0.0, 0.141402132, 0.6985133493333334, 0.0]"
1-60997-A-20.wav,1,"[0.0, 0.15845209466666663, 0.0, 0.14407502933333335, 0.301199268, 0.0]"
1-60997-B-20.wav,1,"[0.0, 0.035259486, 0.0, 0.14840828466666664, 0.22835274666666663, 0.0]"
1-64398-A-41.wav,1,"[0.0, 0.13044375266666666, 0.0, 0.3275471326666667, 0.6268537393333332, 0.0]"
1-64398-B-41.wav,1,"[0.0, 0.11685900066666667, 0.0, 0.25306086399999994, 0.609053204, 0.0]"
1-76831-A-42.wav,1,"[0.0, 0.0, 0.0, 0.175248732, 0.37766996133333336, 0.0]"
1-76831-B-42.wav,1,"[0.0, 0.0, 0.0, 0.08712516466666667, 0.5183043726666667, 0.0]"
1-76831-C-42.wav,1,"[0.0, 0.0, 0.0, 0.11022532866666669, 0.5160834260000001, 0.0]"
1-76831-D-42.wav,1,"[0.0, 0.0025920073333333335, 0.0, 0.12913084533333333, 0.39362075933333335, 0.0]"
1-76831-E-42.wav,1,"[0.0, 0.0, 0.0, 0.08112768523200001, 0.4974594439999999, 0.0]"
1-85362-A-0.wav,1,"[0.0, 0.31507042866666674, 0.0, 0.12457485933333333, 0.783390422, 0.0]"
1-97392-A-0.wav,1,"[0.0, 0.4181533373333333, 0.0, 0.09185960733333334, 0.7050109766666666, 0.0]"
2-107351-A-20.wav,1,"[0.0, 0.15163754133333332, 0.0, 0.16628627133333337, 0.21144988399999995, 0.0]"
2-107351-B-20.wav,1,"[0.0, 0.15422013, 0.0, 0.14002726466666668, 0.24034781266666666, 0.0]"
2-114280-A-0.wav,1,"[0.0, 0.5462272086666666, 0.0, 0.12334060000000001, 0.6539280186666668, 0.0]"
2-114587-A-0.wav,1,"[0.0, 0.36990785266666665, 0.0, 0.1630478506666667, 0.5273902580000001, 0.0]"
2-116400-A-0.wav,1,"[0.0, 0.4123349186666666, 0.0, 0.17071550933333332, 0.5954674393333333, 0.0]"
2-117271-A-0.wav,1,"[0.0, 0.4578889686666667, 0.0, 0.18301162199999998, 0.5584284726666666, 0.0]"
2-118072-A-0.wav,1,"[0.0, 0.3746292046666667, 0.0, 0.10299781533333333, 0.7033167719999999, 0.0]"
2-118964-A-0.wav,1,"[0.0, 0.43707213666666667, 0.0, 0.09557111400000001, 0.737928176, 0.0]"
2-122104-A-0.wav,1,"[0.0, 0.42452816133333343, 0.0, 0.14494936466666666, 0.700026584, 0.0]"
2-122104-B-0.wav,1,"[0.0, 0.45004423600000004, 0.0, 0.14987950466666666, 0.6830602773333335, 0.0]"
2-151079-A-20.wav,1,"[0.0, 0.24415722533333334, 0.0, 0.106473834, 0.36562402666666666, 0.0]"
2-43802-A-42.wav,1,"[0.0, 0.117357812, 0.0, 0.16132217333333332, 0.455065834, 0.0]"
2-43806-A-42.wav,1,"[0.0, 0.04652864466666666, 0.0, 0.14216179866666667, 0.3572384333333333, 0.0]"
2-50665-A-20.wav,1,"[0.0, 0.32345630599999997, 0.0, 0.13516562333333332, 0.49593937400000004, 0.0]"
2-50666-A-20.wav,1,"[0.0, 0.2006744086666667, 0.0, 0.14388517733333334, 0.41135908866666665, 0.0]"
2-50667-A-41.wav,1,"[0.0, 0.11510330999999999, 0.0, 0.2823948853333334, 0.4621994913333333, 0.0]"
2-50667-B-41.wav,1,"[0.0, 0.23558705200000002, 0.0, 0.2853675106666667, 0.4371841526666667, 0.0]"
2-50668-A-41.wav,1,"[0.0, 0.30337284466666664, 0.0, 0.24368603533333338, 0.45509742999999997, 0.0]"
2-50668-B-41.wav,1,"[0.0, 0.1952558206666667, 0.0, 0.2733307873333333, 0.4855595873333333, 0.0]"
2-66637-A-20.wav,1,"[0.0, 0.15612604866666668, 0.0, 0.150644752, 0.265877728, 0.0]"
2-66637-B-20.wav,1,"[0.0, 0.24726886466666667, 0.0, 0.13084698133333333, 0.28181969533333334, 0.0]"
2-68391-A-41.wav,1,"[0.0, 0.3580950013333333, 0.0, 0.253277394, 0.4320950873333333, 0.0]"
2-68391-B-41.wav,1,"[0.0, 0.16052349666666663, 0.0, 0.28323533733333334, 0.5787167266666666, 0.0]"
2-70052-A-42.wav,1,"[0.0, 0.07425470133333333, 0.0, 0.1657801146666667, 0.38347595799999995, 0.0]"
2-70052-B-42.wav,1,"[0.0, 0.18318093933333335, 0.0, 0.14518571533333333, 0.35380801399999995, 0.0]"
2-70936-A-42.wav,1,"[0.0, 0.006685707333333334, 0.0, 0.1912962486666667, 0.28742307, 0.0]"
2-70938-A-42.wav,1,"[0.0, 0.24063720066666666, 0.0, 0.187491698, 0.44681379533333326, 0.0]"
2-70939-A-42.wav,1,"[0.0, 0.0, 0.0, 0.111501226, 0.421274834, 0.0]"
2-72688-A-42.wav,1,"[0.0, 0.2495261713333333, 0.0, 0.13716882333333333, 0.21091228199999998, 0.0]"
2-77945-A-41.wav,1,"[0.0, 0.24467297400000004, 0.0, 0.3643570006666667, 0.5910983133333333, 0.0]"
2-77945-B-41.wav,1,"[0.0, 0.03935972866666668, 0.0, 0.3851652586666667, 0.716520146, 0.0]"
2-80482-A-20.wav,1,"[0.0, 0.16005987333333332, 0.0, 0.138087904, 0.15039546733333337, 0.0]"
3-118656-A-41.wav,1,"[0.0, 0.25767730533333333, 0.0, 0.20784533866666663, 0.419278434, 0.0]"
3-118657-A-41.wav,1,"[0.0, 0.35773752733333336, 0.0, 0.2777317893333333, 0.37259383800000007, 0.0]"
3-118657-B-41.wav,1,"[0.0, 0.2851703166666667, 0.0, 0.18263858333333333, 0.4228382233333334, 0.0]"
3-118658-A-41.wav,1,"[0.0, 0.28298389533333335, 0.0, 0.30705303399999995, 0.4471393593333333, 0.0]"
3-118658-B-41.wav,1,"[0.0, 0.2587186173333333, 0.0, 0.28225252933333334, 0.5035172453333333, 0.0]"
3-118972-A-41.wav,1,"[0.0, 0.24390903000000005, 0.0, 0.25142130800000007, 0.27605834600000007, 0.0]"
3-118972-B-41.wav,1,"[0.0, 0.1798985466666667, 0.0, 0.32587206599999996, 0.47805806800000006, 0.0]"
3-136288-A-0.wav,1,"[0.0, 0.34766986200000005, 0.000926312, 0.15661078933333336, 0.6447818386666666, 6.5168e-05]"
3-144028-A-0.wav,1,"[0.0, 0.3246589, 0.0, 0.14914199266666667, 0.7005033973333334, 0.0]"
3-151080-A-20.wav,1,"[0.0, 0.12291909800000002, 0.0, 0.136673382, 0.18439274199999997, 0.0]"
3-151081-A-20.wav,1,"[0.0, 0.10314702533333332, 0.0, 0.13594427933333333, 0.14498179333333333, 0.0]"
3-151081-B-20.wav,1,"[0.0, 0.28699960866666674, 0.0, 0.1035041286666667, 0.3483793833333333, 0.0]"
3-152007-A-20.wav,1,"[0.0, 0.22989821066666666, 0.0, 0.16110908933333332, 0.35854884400000003, 0.0]"
3-152007-B-20.wav,1,"[0.0, 0.185543482, 0.0, 0.150749442, 0.23128420066666674, 0.0]"
3-152007-C-20.wav,1,"[0.0, 0.23446617466666667, 0.0, 0.18257082933333332, 0.382240782, 0.0]"
3-152007-D-20.wav,1,"[0.0, 0.3091055326666666, 0.0, 0.18520948666666665, 0.3769905399999999, 0.0]"
3-152007-E-20.wav,1,"[0.0, 0.090276266, 0.0, 0.16530223933333332, 0.2664045446666667, 0.0]"
3-155312-A-0.wav,1,"[0.0, 0.44854948800000005, 0.0, 0.09550275000000001, 0.7466923166666665, 4.683466666666667e-05]"
3-157695-A-0.wav,1,"[0.0, 0.5015194073333333, 0.0, 0.181371376, 0.796419252, 0.0]"
3-163459-A-0.wav,1,"[0.0, 0.4189248386666667, 0.0, 0.10540242733333334, 0.675870066, 0.0]"
3-165856-A-41.wav,1,"[0.0, 0.15181208733333335, 0.0, 0.20720047066666666, 0.42221954333333334, 0.0]"
3-170015-A-0.wav,1,"[0.0, 0.372637002, 0.0, 0.12498834333333333, 0.6703886866666665, 0.0]"
3-180256-A-0.wav,1,"[0.0, 0.5392374486666667, 0.0, 0.14432708466666666, 0.4674425986666667, 0.0]"
3-180977-A-0.wav,1,"[0.0, 0.5051075506666667, 0.0, 0.10367725800000001, 0.6539369346666667, 0.0]"
3-51376-A-42.wav,1,"[0.0, 0.15711628133333333, 0.0, 0.15529292933333333, 0.07021441533333332, 0.0025837819999999997]"
3-51731-A-42.wav,1,"[0.0, 0.14443061999999998, 0.0, 0.14356610866666664, 0.598079608, 0.0]"
3-51731-B-42.wav,1,"[0.0, 0.020677786, 0.0, 0.17466127133333334, 0.43823851199999997, 0.0]"
3-51909-A-42.wav,1,"[0.0, 0.22451376533333336, 0.0, 0.13117611333333332, 0.21579002200000003, 0.0]"
3-51909-B-42.wav,1,"[0.0, 0.2538339333333333, 0.0, 0.11358416733333335, 0.2489295246666667, 0.0]"
3-58772-A-42.wav,1,"[0.0, 0.05793741399999999, 0.0, 0.1460667966666667, 0.26830059733333333, 0.0008143433333333334]"
3-62878-A-42.wav,1,"[0.0, 0.0001541, 0.0, 0.14960983600000002, 0.278674826, 0.0]"
3-62878-B-42.wav,1,"[0.0, 0.251875472, 0.0, 0.11111640466666667, 0.5202809893333333, 0.0007518113333333333]"
4-102871-A-42.wav,1,"[0.0, 0.039547302, 0.0, 0.175016696, 0.3874176753333333, 0.0]"
4-111671-A-42.wav,1,"[0.0, 0.027770322000000004, 0.0, 0.20012478133333333, 0.36915707666666664, 0.0]"
4-111671-B-42.wav,1,"[0.0, 0.0, 0.0, 0.05457885533333333, 0.4665806513333333, 0.0]"
4-121532-A-42.wav,1,"[0.0, 0.21109319333333337, 0.0, 0.10641631466666666, 0.2373117713333333, 0.0]"
4-149294-A-41.wav,1,"[0.0, 0.2796520973333333, 0.0, 0.20763426799999998, 0.3156593153333333, 0.0]"
4-149294-B-41.wav,1,"[0.0, 0.24949013266666667, 0.0, 0.23645038600000004, 0.36010658533333334, 0.0]"
4-157611-A-41.wav,1,"[0.0, 0.17116657533333332, 0.0, 0.22292331133333335, 0.3508444346666667, 0.0]"
4-157611-B-41.wav,1,"[0.0, 0.1758188986666667, 0.0, 0.24978231333333334, 0.20437845799999999, 0.0]"
4-165823-A-41.wav,1,"[0.0, 0.28399863866666664, 0.0, 0.33942969999999995, 0.6088788073333333, 0.0]"
4-165823-B-41.wav,1,"[0.0, 0.3268677573333333, 0.0, 0.3648976299999999, 0.6000850113333333, 0.0]"
4-167077-A-20.wav,1,"[0.0, 0.23960143, 0.0, 0.12474670933333334, 0.4622651693333334, 0.0]"
4-167077-B-20.wav,1,"[0.0, 0.11838941666666666, 0.0, 0.11923121200000002, 0.31740776266666665, 0.0]"
4-167077-C-20.wav,1,"[0.0, 0.12401323000000003, 0.0, 0.12759723866666664, 0.303784364, 0.0]"
4-169127-A-41.wav,1,"[0.0, 0.3888726193333333, 0.0, 0.27399339399999995, 0.61461486, 0.0]"
4-169127-B-41.wav,1,"[0.0, 0.050011888000000004, 0.0, 0.37772849266666675, 0.7691435693333334, 0.0]"
4-182395-A-0.wav,1,"[0.0, 0.35475767066666664, 0.0, 0.09064732866666667, 0.7105388233333334, 0.0]"
4-183992-A-0.wav,1,"[0.0, 0.3759913653333333, 0.0, 0.13574817333333336, 0.6448250293333334, 0.0]"
4-184575-A-0.wav,1,"[0.0, 0.3619112633333333, 0.0, 0.152011394, 0.58929275, 0.0]"
4-185575-A-20.wav,1,"[0.0, 0.35965193133333334, 0.0, 0.11331178999999998, 0.22593898800000004, 0.0]"
4-185575-B-20.wav,1,"[0.0, 0.3080826213333333, 0.0, 0.10795409400000001, 0.5267731106666668, 0.00010814599999999999]"
4-185575-C-20.wav,1,"[0.0, 0.20615411066666667, 0.0, 0.094624374, 0.39094610333333335, 0.0]"
4-191687-A-0.wav,1,"[0.0, 0.46903579399999995, 0.0, 0.06512130266666667, 0.6617622839999999, 0.0]"
4-192236-A-0.wav,1,"[0.0, 0.5369408933333334, 0.0, 0.08850257866666666, 0.7944729746666667, 0.0]"
4-194754-A-0.wav,1,"[0.0, 0.39003377, 0.0, 0.14145104666666664, 0.6098267773333333, 0.0]"
4-199261-A-0.wav,1,"[0.0, 0.463163624, 2.1335947999999998e-05, 0.16216862, 0.6716798753333334, 0.0]"
4-207124-A-0.wav,1,"[0.0, 0.7750743153333334, 0.0, 0.14075823266666668, 0.6796247393333333, 0.0]"
4-59579-A-20.wav,1,"[0.0, 0.23557598400000002, 0.0, 0.13044533333333333, 0.260426818, 0.0]"
4-59579-B-20.wav,1,"[0.0, 0.3339535773333333, 0.0, 0.12979582266666667, 0.49197671866666665, 0.0]"
4-67358-A-42.wav,1,"[0.0, 0.16202822266666667, 0.0, 0.143729616, 0.3587094886666666, 0.00024330333333333335]"
4-80761-A-42.wav,1,"[0.0, 0.23955751400000003, 0.0, 0.14689744533333335, 0.3111573246666666, 0.0]"
4-90014-A-42.wav,1,"[0.0, 0.005852514666666667, 0.0, 0.09016896, 0.587558952, 0.0]"
4-90014-B-42.wav,1,"[0.0, 0.09640345533333333, 0.0, 0.1259865166666667, 0.5367175546666666, 0.0004149906666666667]"
5-117118-A-42.wav,1,"[0.0, 0.22886495, 0.0, 0.16304828999999998, 0.313389258, 0.0]"
5-117120-A-42.wav,1,"[0.0, 0.278329142, 0.0, 0.152232916, 0.26810538066666667, 0.004184403333333334]"
5-117122-A-42.wav,1,"[0.0, 0.207005428, 0.0, 0.175814548, 0.26544332333333337, 0.0]"
5-133989-A-42.wav,1,"[0.0, 0.29634441800000005, 0.0, 0.19683525000000004, 0.40590950133333337, 0.000687646]"
5-133989-B-42.wav,1,"[0.0, 0.290635454, 0.0, 0.17533224933333333, 0.4856083446666667, 0.0]"
5-150409-A-42.wav,1,"[0.0, 0.12848589333333335, 0.0, 0.128953392, 0.5214629120000001, 0.0]"
5-151085-A-20.wav,1,"[0.0, 0.14560461666666666, 0.0, 0.13077861533333332, 0.24535994533333333, 0.0]"
5-160551-A-42.wav,1,"[0.0, 0.007610735999999999, 0.0, 0.19037267333333335, 0.24558567066666667, 0.0]"
5-170338-A-41.wav,1,"[0.0, 0.23891519333333333, 0.0, 0.16135859266666666, 0.4849087166666667, 0.0]"
5-170338-B-41.wav,1,"[0.0, 0.24462497733333333, 0.0, 0.21301938399999998, 0.39393682, 0.0]"
5-171653-A-41.wav,1,"[0.0, 0.2461131933333333, 0.0, 0.292391924, 0.488050804, 0.0]"
5-184323-A-42.wav,1,"[0.0, 0.06725803333333333, 0.0, 0.19476127400000004, 0.32158213, 8.567066666666667e-05]"
5-185579-A-41.wav,1,"[0.0, 0.14425251266666667, 5.2320770666666665e-06, 0.2588616046666667, 0.5196486419999998, 0.0]"
5-185579-B-41.wav,1,"[0.0, 0.09082553466666665, 0.0, 0.29118365733333335, 0.6524699893333334, 0.0]"
5-198411-A-20.wav,1,"[0.0, 0.16043922933333332, 0.0, 0.15275598133333332, 0.34200339199999996, 0.0]"
5-198411-B-20.wav,1,"[1.0243244666666667e-05, 0.14918803466666666, 0.0, 0.11185757733333332, 0.316290072, 0.0]"
5-198411-C-20.wav,1,"[0.0, 0.18251223066666666, 0.0, 0.19685924800000004, 0.28623022000000004, 0.0]"
5-198411-D-20.wav,1,"[0.0, 0.12569571666666668, 0.0, 0.11381360733333332, 0.294745752, 0.0]"
5-198411-E-20.wav,1,"[0.0, 0.03654119999999999, 0.0, 0.17289113799999994, 0.2813762373333334, 0.0]"
5-198411-F-20.wav,1,"[0.0, 0.1658006366666667, 0.0, 0.18358584266666664, 0.3578265733333333, 0.0]"
5-198411-G-20.wav,1,"[0.0, 0.19857155266666665, 0.0, 0.15709558666666668, 0.4098091586666667, 0.0]"
5-203128-A-0.wav,1,"[0.0, 0.5932818773333332, 0.0, 0.10713364733333333, 0.6486401366666666, 0.0]"
5-203128-B-0.wav,1,"[0.0, 0.370578086, 0.0, 0.1729913906666667, 0.5140282273333334, 0.0]"
5-208030-A-0.wav,1,"[0.0, 0.4574009606666667, 0.0, 0.06350329933333333, 0.6471177813333333, 0.0]"
5-212454-A-0.wav,1,"[0.0, 0.4685327293333333, 0.0, 0.14929450333333333, 0.7666799773333332, 0.0]"
5-213855-A-0.wav,1,"[0.0, 0.378343602, 0.0, 0.14781046533333334, 0.6556440739999999, 0.0]"
5-216370-A-41.wav,1,"[0.0, 0.15012805666666665, 0.0, 0.34945639266666667, 0.41973142999999996, 0.0]"
5-216370-B-41.wav,1,"[0.0, 0.11147866000000001, 0.0, 0.224080244, 0.40641243399999993, 0.0]"
5-217158-A-0.wav,1,"[0.0, 0.32800896133333335, 0.0, 0.16760005533333333, 0.7515791079999999, 0.0]"
5-222524-A-41.wav,1,"[0.0, 0.21003737133333333, 0.0, 0.15443785066666668, 0.3785863526666666, 0.0]"
5-231762-A-0.wav,1,"[0.0, 0.4191258626666666, 0.0, 0.09405481733333335, 0.697244994, 0.0]"
5-9032-A-0.wav,1,"[0.0, 0.4755288546666667, 0.0, 0.08366427333333332, 0.63887415, 0.0]"
